arthropod_taxon_id,code,arth_class,arth_order,arth_family,arth_genus_subgenus,old_name,display_name,Source,display_name_altered,action,note
687,,Insecta,Hemiptera,Membracidae,Multareoides bifurcatus,,Multareoides bifurcatus,,,,
729,,Insecta,Hemiptera,Rhopalidae,Arhyssus,,Arhyssus,,,,
738,,Insecta,Hemiptera,Pentatomidae,Apateticus,,Apateticus,,,,
764,,Insecta,Diptera,Scenopinidae,,,Scenopinidae,,,,
765,,Insecta,Plecoptera,,,,Plecoptera,,,,
772,,Insecta,Hymenoptera,Sphecidae,Sceliphron caementarium,,Sceliphron caementarium,,,,
8,HALICT,Insecta,Hymenoptera,Halictidae,,,Halictidae,,,,
9,HEMER,Insecta,Neuroptera,Hemerobiidae,,,Hemerobiidae,,,,
10,HEMIMM,Insecta,Hemiptera,,,,Hemiptera (immature),,,,
11,HEMIPT,Insecta,Hemiptera,,,,Hemiptera,,,,
827,,Insecta,Diptera,Fanniidae,fanniinae,,fanniinae,,,add to 716 then delete,
15,HYMENO,Insecta,Hymenoptera,,,,Hymenoptera,,,,
16,ICHNEU,Insecta,Hymenoptera,Ichneumonidae,,,Ichneumonidae,,,,
23,LEPIDO,Insecta,Lepidoptera,,,,Lepidoptera,,,,
24,LEPIMM,Insecta,Lepidoptera,,,,Lepidoptera (immature),,,,
27,LINYP,Arachnida,Araneae,Linyphiidae,,,Linyphiidae,,,,
33,LYGAE,Insecta,Hemiptera,Lygaeidae,,,Lygaeidae,,,,
34,LYGIMM,Insecta,Hemiptera,Lygaeidae,,,Lygaeidae (immature),,,,
40,MELYR,Insecta,Coleoptera,Melyridae,,,Melyridae,,,,
41,MEMBRA,Insecta,Hemiptera,Membracidae,,,Membracidae,,,,
44,MIRAD,Insecta,Hemiptera,Miridae,,,Miridae,,1,combine 44 and 45,
45,MIRID,Insecta,Hemiptera,Miridae,,,Miridae,,,combine 44 and 45,
46,MIRIMM,Insecta,Hemiptera,Miridae,,,Miridae (immature),,,,
50,MYMAR,Insecta,Hymenoptera,Mymaridae,,,Mymaridae,,,,
54,NABID,Insecta,Hemiptera,Nabidae,,,Nabidae,,,,
56,NITID,Insecta,Coleoptera,Nitidulidae,,,Nitidulidae,,,,
62,OXYOP,Arachnida,Araneae,Oxyopidae,,,Oxyopidae,,,,
63,BRUCHI,Insecta,Coleoptera,Chrysomelidae,Bruchinae,,Bruchinae,,1,,
64,PARAT,Insecta,Hymenoptera,Formicidae,Paratrechina,,Paratrechina,,,,
69,PLECT,Arachnida,Araneae,Plectreuridae,,,Plectreuridae,,,,
73,PSOCOP,Insecta,Psocodea,,,,Psocoptera,,,,
74,PSYLL,Insecta,Hemiptera,Psyllidae,,,Psyllidae,,,,
75,PTEROM,Insecta,Hymenoptera,Pteromalidae,,,Pteromalidae,,,,
76,PYRAL,Insecta,Lepidoptera,Pyralidae,,,Pyralidae,,,,
77,REDUVI,Insecta,Hemiptera,Reduviidae,,,Reduviidae,,,,
78,RHOPA,Insecta,Hemiptera,Rhopalidae,,,Rhopalidae,,,,
79,SALTIC,Arachnida,Araneae,Salticidae,,,Salticidae,,,,
80,Scale,Insecta,Hemiptera,Coccoidea,,,Coccoidea,,1,,see 206 and 213
81,SCARAB,Insecta,Coleoptera,Scarabaeidae,,,Scarabaeidae,,,,
82,SCIARI,Insecta,Diptera,Sciaridae,,,Sciaridae,,,,
688,,Arachnida,Trombidiformes,Anystoidea,,,Anystoidea,,,,
689,,Arachnida,Trombidiformes,Anystidae,,,Anystidae,,,,zero occurences
690,,Arachnida,Trombidiformes,Bdellidae,,,Bdellidae,,,,
691,,Arachnida,Trombidiformes,Caeculidae,,,Caeculidae,,,,
87,SMINTH,Collembola,Symphypleona,Sminthuridae,,,Sminthuridae,,,,
88,SOLEN,Insecta,Hymenoptera,Formicidae,Solenopsis,,Solenopsis,,,,
692,,Arachnida,Trombidiformes,Erythraeoidea,,,Erythraeoidea,,,,
90,SPHEC,Insecta,Hymenoptera,Sphecidae,,,Sphecidae,,,,
91,STAPHY,Insecta,Coleoptera,Staphylinidae,,,Staphylinidae,,,,
693,,Arachnida,Trombidiformes,Erythraeidae,,,Erythraeidae,,,,
93,SYRPHI,Insecta,Diptera,Syrphidae,,,Syrphidae,,,,
694,,Arachnida,Oribatida,,,,Oribatida,,,,zero occurences
695,,Arachnida,Trombidiformes,Trombidioidea,,,Trombidioidea,,,,zero occurences
730,,Insecta,Hymenoptera,Formicidae,Dorymyrmex,,Dorymyrmex,,,,
97,THERII,Arachnida,Araneae,Theridiidae,,,Theridiidae,,,,
98,THOMI,Arachnida,Araneae,Thomisidae,,,Thomisidae,,,,
739,,Insecta,Neuroptera,Chrysopidae,Chrysopa,,Chrysopa,,,,
766,,Insecta,Hymenoptera,Crabronidae,Cerceris,,Cerceris,,,,
101,THYSAN,Insecta,Thysanoptera,,,,Thysanoptera,,,,
102,TINGID,Insecta,Hemiptera,Tingidae,,,Tingidae,,,,
103,TIPHII,Insecta,Hymenoptera,Tiphiidae,,,Tiphiidae,,,,
104,TRICHO,Insecta,Hymenoptera,Trichogrammatidae,,,Trichogrammatidae,,,,
773,,Insecta,Coleoptera,Chrysomelidae,Zabrotes,,Zabrotes,,,,
106,UNKNOW,,Unknown,,,,Unknown,,,,need to keep
117,CICIM,Insecta,Hemiptera,Cicadellidae,,,Cicadellidae (immature),,,,
118,ALEIM,Insecta,Hemiptera,Aleyrodidae,,,Aleyrodidae (immature),,,,
119,DIPIM,Insecta,Diptera,,,,Diptera (immature),,,,
123,ARAIM,Arachnida,Araneae,,,Araneida (immature),Araneae (immature),,1,,
127,ACARI,Arachnida,Acari,,,,Acari,,,,
128,ACRID,Insecta,Orthoptera,Acrididae,,,Acrididae,,,,
130,ALEYR,Insecta,Hemiptera,Aleyrodidae,,,Aleyrodidae,,,,
132,ANTHI,Insecta,Coleoptera,Anthicidae,,,Anthicidae,,,,
133,ANTHOC,Insecta,Hemiptera,Anthocoridae,,,Anthocoridae,,,,
135,APHID,Insecta,Hemiptera,Aphididae,,,Aphididae,,,,
139,BETHYL,Insecta,Hymenoptera,Bethylidae,,,Bethylidae,,,,
143,BRACON,Insecta,Hymenoptera,Braconidae,,,Braconidae,,,,
144,BUPR,Insecta,Coleoptera,Buprestidae,,,Buprestidae,,,,
149,CECIDO,Insecta,Diptera,Cecidomyiidae,,,Cecidomyiidae,,,,
151,CHALCI,Insecta,Hymenoptera,Chalcidoidea,,,Chalcidoidea,,,,
153,CHIRO,Insecta,Diptera,Chironomidae,,,Chironomidae,,,,
154,CHLORO,Insecta,Diptera,Chloropidae,,,Chloropidae,,,,
155,CHRYSM,Insecta,Coleoptera,Chrysomelidae,,,Chrysomelidae,,,,
156,CHRYSO,Insecta,Neuroptera,Chrysopidae,,,Chrysopidae,,,,
157,CICAD,Insecta,Hemiptera,Cicadellidae,,,Cicadellidae,,,,
696,,Insecta,Hymenoptera,Encyrtidae,Ectromatopsis americana,,Ectromatopsis americana,,,,
731,,Arachnida,Araneae,Theridiidae,Euryopis,,Euryopis,,,,
160,COCCIM,Insecta,Coleoptera,Coccinellidae,,,Coccinellidae (immature),,,,
161,COCCIN,Insecta,Coleoptera,Coccinellidae,,,Coccinellidae,,,,
740,,Insecta,Hymenoptera,Halictidae,Halictinae,,Halictinae,,,,
163,COLIMM,Insecta,Coleoptera,,,,Coleoptera (immature),,,,
164,COLLEM,Collembola,,,,,Collembola,,,,
165,CORYL,Insecta,Coleoptera,Corylophidae,,,Corylophidae,,,,
767,,Insecta,Hymenoptera,Apidae,Eucerini,,Eucerini,,,,
774,,Insecta,Hymenoptera,Formicidae,Pogonomyrmex maricopa,,Pogonomyrmex maricopa,,,,
170,CURCUL,Insecta,Coleoptera,Curculionidae,,,Curculionidae,,,,
172,CYNIPI,Insecta,Hymenoptera,Cynipidae,,,Cynipidae,,,,
173,DELPH,Insecta,Hemiptera,Delphacidae,,,Delphacidae,,,,
176,DICTY,Arachnida,Araneae,Dictynidae,,,Dictynidae,,,,
177,DIPTER,Insecta,Diptera,,,,Diptera,,,,
182,EMPID,Insecta,Diptera,Empididae,,,Empididae,,,,
185,ENTOMO,Collembola,Entomobryomorpha,Entomobryidae,,,Entomobryidae,,,,
189,FORMIC,Insecta,Hymenoptera,Formicidae,,,Formicidae,,,,
198,MEMIMM,Insecta,Hemiptera,Membracidae,,,Membracidae (immature),,,,
200,CLERID,Insecta,Coleoptera,Cleridae,,,Cleridae,,,,
201,DERMES,Insecta,Hymenoptera,Dermestidae,,,Dermestidae,,,,
203,SEPSID,Insecta,Diptera,Sepsidae,,,Sepsidae,,,,
204,BERYT,Insecta,Hemiptera,Berytidae,,,Berytidae,,,,
206,CICCO,Insecta,Hemiptera,Ciccoidea,,Ciccoidea,Ciccoidea,,,Combine with 80 Coccoidea and delete,
207,GEOMET,Insecta,Lepidoptera,Geometridae,,,Geometridae (immature),,,,
208,NEUROP,Insecta,Neuroptera,,,,Neuroptera,,,,
209,ANYPH,Arachnida,Araneae,Anyphaenidae,,,Anyphaenidae,,,,
211,GEOMIM,Insecta,Lepidoptera,Geometridae,,,Geometridae,,,,
212,PSYIMM,Insecta,Hemiptera,Psyllidae,,,Psyllidae (immature),,,,
213,COCCOI,Insecta,Hemiptera,Coccoidea,,Coccoidea,Coccoidea,,,Combine with 80 Coccoidea and delete,
214,PLATYG,Insecta,Hymenoptera,Platygastridae,,,Platygastridae,,,,
215,DELIMM,Insecta,Hemiptera,Delphacidae,,,Delphacidae (immature),,,,
216,PYRIMM,Insecta,Lepidoptera,Pyralidae,,,Pyralidae (immature),,,,
217,FLATID,Insecta,Hemiptera,Flatidae,,,Flatidae,,,,
218,MEGASP,Insecta,Hemiptera,Megaspilidae,,Megaspillidae,Megaspilidae,,1,,
219,MORDEL,Insecta,Coleoptera,Mordellidae,,,Mordellidae,,,,
220,ARADAE,Arachnida,Araneae,Araneidae,,,Araneidae,,,,
221,TINGII,Insecta,Hemiptera,Tingidae,,,Tingidae (immature),,,,
222,ANTHOI,Insecta,Hemiptera,Anthocoridae,,,Anthocoridae (immature),,,,
223,PENTAT,Insecta,Hemiptera,Pentatomidae,,,Pentatomidae,,,,
224,PHILOD,Arachnida,Araneae,Philodromidae,,,Philodromidae,,,,
225,BYRRHI,Insecta,Coleoptera,Byrrhidae,,,Byrrhidae,,,,
226,TRIXOS,Insecta,Diptera,Heleomyzidae,Trixoscelidinae,,Trixoscelidinae,,1,,
228,ACAL,Insecta,Coleoptera,Chrysomelidae,Acalymma,,Acalymma,,,,
229,ACER,Insecta,Hemiptera,Cicadellidae,Aceratagallia,,Aceratagallia,,,,
231,ACRIMM,Insecta,Orthoptera,Acrididae,,,Acrididae (immature),,,,
698,,Insecta,Hemiptera,Coreidae,Catorhintha,,Catorhintha,,,,
699,,Insecta,Coleoptera,Chrysomelidae,Chaetocnema,,Chaetocnema,,,,
700,,Insecta,Hemiptera,Coccoidea,,,Coccoidea (immature),,,,
236,AGROM,Insecta,Diptera,Agromyzidae,Agromyza,,Agromyza,,,,
701,,Insecta,Hemiptera,Geocoridae,Geocoris pallens,,Geocoris pallens,,,,
702,,Insecta,Hymenoptera,Mythicomyiidae,Mythicomyia,,Mythicomyia,,,,
703,,Insecta,Hemiptera,Nabidae,Nabis,,Nabis,,,,
704,,Insecta,Raphidioptera,Inocelliidae,Negha,,Negha,,,,
705,,Insecta,Hemiptera,Rhopalidae,Niesthreini,,Niesthreini,,,,
706,,Insecta,Hymenoptera,Formicidae,Paratrechina longicornis,,Paratrechina longicornis,,,,
243,AMPHIENTOMI,Insecta,Psocodea,Amphientomidae,,,Amphientomidae,,,,
707,,Arachnida,Araneae,Oxyopidae,Peucetia,,Peucetia,,,,
708,,Insecta,Hymenoptera,Bombyliidae,Phthiria,,Phthiria,,,,
709,,Insecta,Coleoptera,Chrysomelidae,Stenopodius,,Stenopodius,,,,
710,,Insecta,Hymenoptera,Torymidae,Toryminae,,Toryminae,,,,
711,,Arachnida,Araneae,Agelenidae,,,Agelenidae,,,,
249,ANTHOMYII,Insecta,Diptera,Anthomyiidae,,,Anthomyiidae,,,,
712,,Insecta,Hymenoptera,Andrenidae,,,Andrenidae,,,,
713,,Insecta,Hymenoptera,Apoidea,,,Apoidea,,,,
714,,Insecta,Diptera,Ceratopogonidae,,,Ceratopogonidae,,,,
715,,Insecta,Diptera,Culicidae,,,Culicidae,,,,
254,APHELI,Insecta,Hymenoptera,Aphelinidae,,,Aphelinidae,,,,
716,,Insecta,Diptera,Fanniidae,,,Fanniidae,,,,
717,,Insecta,Hemiptera,Geocoridae,,,Geocoridae,,,,
718,,Arachnida,Araneae,Gnaphosidae,,,Gnaphosidae,,,,
719,,Insecta,Coleoptera,Meloidae,,,Meloidae,,,,
720,,Insecta,Diptera,Sciomyzidae,,,Sciomyzidae,,,,
721,,Insecta,Coleoptera,,,,Coleoptera,,,,
722,,Insecta,Zygentoma,,,,Zygentoma,,,,
732,,Insecta,Hymenoptera,Formicidae,Forelius,,Forelius,,,,
741,,Insecta,Coleoptera,Chrysomelidae,Mimosestes,,Mimosestes,,,,
697,,Insecta,Hymenoptera,Encyrtidae,Aenasius,,Aenasius,,,,
265,ARANEID,Arachnida,,,,Araneida,Arachnida,,,change to arachnida a new taxa!,
768,,Arachnida,Araneae,Theridiidae,Latrodectus,,Latrodectus,,,,
775,,Insecta,Orthoptera,Acrididae,Oedipodinae,,Oedipodinae,,,,
278,AUFE,Insecta,Hemiptera,Rhopalidae,Aufeius,,Aufeius,,,,
281,AYSH,Arachnida,Araneae,Anyphaenidae,Hibana,Aysha,Hibana,,1,,
284,BICO,Insecta,Hymenoptera,Formicidae,Dorymyrmex bicolor,,Dorymyrmex bicolor,,,,
287,BLASTOBASI,Insecta,Lepidoptera,Blastobasidae,,,Blastobasidae,,,,
290,BRACH,Insecta,Hymenoptera,Formicidae,Brachymyrmex,,Brachymyrmex,,,,
294,CALO,Insecta,Hemiptera,Miridae,Calocoris,,Calocoris,,,,
297,CAMEO,Insecta,Hemiptera,Cicadellidae,Draeculacephala,Carneocephala,Draeculacephala,,1,,
298,CAMP,Insecta,Hymenoptera,Formicidae,Camponotus,,Camponotus,,,,
301,CARP,Insecta,Coleoptera,Nitidulidae,Carpophilus,,Carpophilus,,,,
723,,Insecta,Hymenoptera,Formicidae,Solenopsis xyloni,,Solenopsis xyloni,,,,
733,,Insecta,Coleoptera,Curculionidae,Macrorhoptus,,Macrorhoptus,,,,
742,,Arachnida,Araneae,Salticidae,Sitticus,,Sitticus,,,,
769,,Insecta,Hemiptera,Berytidae,Metacanthus multispinus,,Metacanthus multispinus,,,,
307,CERAT,Insecta,Hemiptera,Miridae,Ceratocapsus,,Ceratocapsus,,,,
312,CHRYSI,Insecta,Hymenoptera,Chrysididae,,,Chrysididae,,,,
317,CIXIID,Insecta,Hemiptera,Cixiidae,,,Cixiidae,,,,
319,CLOA,Insecta,Hemiptera,Cicadellidae,Scaphytopius,Cloanthanus,Scaphytopius,,1,combine with 668,
326,COLL,Insecta,Coleoptera,Melyridae,Collops,,Collops,,,,
332,CORYTH,Insecta,Hemiptera,Tingidae,Corythucha,,Corythucha,,,,
334,CREM,Insecta,Hymenoptera,Formicidae,Crematogaster,,Crematogaster,,,,
814,,Insecta,Hemiptera,Largidae,,,Largidae,,,,
815,,Insecta,Coleoptera,Tenebrionidae,,,Tenebrionidae,,,,
816,,Insecta,Hymenoptera,Eupelmidae,,,Eupelmidae,,,,
817,,Insecta,Hymenoptera,Diapriidae,,,Diapriidae,,,,
818,,Insecta,Diptera,Sarcophagidae,,,Sarcophagidae,,1,,
819,,Insecta,Hymenoptera,Vespidae,,,Vespidae,,,,zero occurences
820,,Insecta,Hemiptera,Clastopteridae,,,Clastopteridae,,,,zero occurences
821,,Insecta,Lepidoptera,Noctuidae,,,Noctuidae,,,,
822,,Arachnida,Araneae,Cheiracanthiidae,,Eutichuridae,Cheiracanthiidae,,1,,zero occurences
352,DICTYNA,Arachnida,Araneae,Dictynidae,Dictyna,,Dictyna,,,,
362,EBO,Arachnida,Araneae,Philodromidae,Ebo,,Ebo,,,,
366,EMPO,Insecta,Hemiptera,Cicadellidae,Empoasca,,Empoasca,,,,
368,ENCYRTIDAE,Insecta,Hymenoptera,Encyrtidae,,,Encyrtidae,,,,
371,EPHEME,Insecta,Ephemeroptera,,,,Ephemeroptera,,,,
372,EPHEMERELLI,Insecta,Ephemeroptera,Ephemerellidae,,,Ephemerellidae,,,,
373,EPHYDR,Insecta,Diptera,Ephydridae,,,Ephydridae,,,,
376,EUCOLLI,Insecta,Hymenoptera,Eucoilidae,,,Eucoilidae,,,,
377,EULOPH,Insecta,Hymenoptera,Eulophidae,,,Eulophidae,,,,
724,,Insecta,Hemiptera,Cicadellidae,Xyphon,,Xyphon,,,,
734,,Insecta,Coleoptera,Curculionidae,Mecinus,,Mecinus,,,,
743,,Insecta,Coleoptera,Chrysomelidae,Stator,,Stator,,,,
770,,Insecta,Coleoptera,Chrysomelidae,Pachybrachis,,Pachybrachis,,,,
382,EURYTOMI,Insecta,Hymenoptera,Eurytomidae,,,Eurytomidae,,,,
383,EXEM,Insecta,Coleoptera,Chrysomelidae,Exema,,Exema,,,,
384,EXIT,Insecta,Hemiptera,Cicadellidae,Exitianus,,Exitianus,,,,
387,FOAD,Insecta,Coleoptera,Corylophidae,Foadia,,Foadia,,,,
392,GEOC,Insecta,Hemiptera,Geocoridae,Geocoris,,Geocoris,,,,
402,HEBE,Insecta,Hemiptera,Cicadellidae,Hebecephalus,,Hebecephalus,,,,
403,HELEOMYZI,Insecta,Diptera,Heleomyzidae,,,Heleomyzidae,,,,
412,HIPP,Insecta,Coleoptera,Coccinellidae,Hippodamia,,Hippodamia,,,,
415,HOMA,Insecta,Hemiptera,Cicadellidae,Homalodisca,,Homalodisca,,,,
417,HYMIMM,Insecta,Hymenoptera,,,,Hymenoptera (immature),,,,
419,HYPOGASTRUR,Collembola,Poduromorpha,Hypogastruridae,,,Hypogastruridae,,,,
427,ISOTOMI,Collembola,Entomobryomorpha,Isotomidae,,,Isotomidae,,,,
438,LINE,Insecta,Hymenoptera,Formicidae,Linepithema,,Linepithema,,,,
440,LIOR,Insecta,Hemiptera,Rhopalidae,Liorhyssus,,Liorhyssus,,,,
442,LISTROP,Insecta,Coleoptera,Melyridae,Listropsis,,Listropsis,,,,
443,LISTRU,Insecta,Coleoptera,Melyridae,Listrus,,Listrus,,,,
725,,Insecta,Hymenoptera,Eulophidae,Zagrammosoma,,Zagrammosoma,,,,
450,LYGU,Insecta,Hemiptera,Miridae,Lygus,,Lygus,,,,
735,,Insecta,Hymenoptera,Formicidae,Monomorium,,Monomorium,,,,
452,MANTOI,Insecta,Mantodea,,,,Mantodea (immature),,,,
454,MCCOOK,Insecta,Hymenoptera,Formicidae,Forelius mccooki,,Forelius mccooki,,,,
455,MECID,Insecta,Hemiptera,Pentatomidae,Mecidea,,Mecidea,,,,
771,,Insecta,Coleoptera,Staphylinidae,Scaphidiinae,,Scaphidiinae,,,,
823,,Insecta,Hymenoptera,Vespidae,Polistes,,Polistes,,,,
464,MICARI,Arachnida,Araneae,Gnaphosidae,Micaria,,Micaria,,,,
467,MILICHI,Insecta,Diptera,Milichiidae,,,Milichiidae,,,,
468,MIMETI,Arachnida,Araneae,Mimetidae,,,Mimetidae,,,,
470,MISU,Arachnida,Araneae,Thomisidae,Misumenops,,Misumenops,,,,
473,MUSCI,Insecta,Diptera,Muscidae,,,Muscidae,,,,
477,MYRM,Insecta,Hymenoptera,Formicidae,Myrmecocystus,,Myrmecocystus,,,,
481,NEUR,Insecta,Hemiptera,Miridae,Neurocolpus,,Neurocolpus,,,,
487,NYSIU,Insecta,Hemiptera,Lygaeidae,Nysius,,Nysius,,,,
496,OPSIU,Insecta,Hemiptera,Cicadellidae,Opsius,,Opsius,,,,
498,ORIU,Insecta,Hemiptera,Anthocoridae,Orius,,Orius,,,,
507,PARDO,Arachnida,Araneae,Lycosidae,Pardosa,,Pardosa,,,,
511,PHLAEOTHRIP,Insecta,Thysanoptera,Phlaeothripidae,,,Phlaeothripidae,,,,
516,PHYT,Insecta,Hemiptera,Miridae,Phytocoris,,Phytocoris,,,,
726,,Insecta,Coleoptera,Curculionidae,Ophryastes,,Ophryastes,,,,
736,,Insecta,Hemiptera,Tingidae,Teleonemia,,Teleonemia,,,,
525,PRUINO,Insecta,Hymenoptera,Formicidae,Forelius pruinosus,,Forelius pruinosus,,,,
526,PSEC,Insecta,Diptera,Scatopsidae,Psectrosciara,,Psectrosciara,,,,
745,,Insecta,Coleoptera,Anobiidae,,,Anobiidae,,,,
746,,Insecta,Diptera,Bombyliidae,,,Bombyliidae,,,,
747,,Insecta,Coleoptera,Carabidae,,,Carabidae,,,,
748,,Insecta,Hemiptera,Cercopidae,,,Cercopidae,,,,
749,,Insecta,Hymenoptera,Chalcididae,,,Chalcididae,,,,
750,,Insecta,Diptera,Drosophilidae,,,Drosophilidae,,,,
751,,Insecta,Hemiptera,Fulgoroidea,,,Fulgoroidea,,,,
752,,Insecta,Hemiptera,Issidae,,,Issidae,,,,
753,,Insecta,Zygentoma,Lepismatidae,,,Lepismatidae,,,,
536,REDU,Insecta,Hemiptera,Reduviidae,,,Reduviidae (immature),,,,
537,RHIN,Insecta,Hemiptera,Miridae,Rhinacloa,,Rhinacloa,,,,
538,RHOPAL,Insecta,Hemiptera,Rhopalidae,,,Rhopalidae (immature),,,,
754,,Insecta,Mantodea,Mantidae,,,Mantidae,,,,
755,,Insecta,Diptera,Mycetophilidae,,,Mycetophilidae,,,,
756,,Insecta,Embioptera,Oligotomidae,,,Oligotomidae,,,,
757,,Insecta,Diptera,Phoridae,,,Phoridae,,,,
758,,Insecta,Diptera,Tabanidae,,,Tabanidae,,,,
759,,Insecta,Orthoptera,Tettigoniidae,,,Tettigoniidae,,,,
760,,Insecta,Diptera,Ulidiidae,,,Ulidiidae,,,,
761,,Insecta,Trichoptera,,,,Trichoptera,,,,
824,,Insecta,Hemiptera,Clastopteridae,Spanagonicus,,Clastoptera,,,,
555,SIMULII,Insecta,Diptera,Simuliidae,,,Simuliidae,,,,
560,SPAN,Insecta,Hemiptera,Miridae,Spanagonicus,,Spanagonicus,,,,
573,SYSTEN,Insecta,Coleoptera,Chrysomelidae,Systena,,Systena,,,,
574,TACHIN,Insecta,Diptera,Tachinidae,,,Tachinidae,,,,
575,TANAOSTIGMATID,Insecta,Hymenoptera,Tanaostigmatidae,,,Tanaostigmatidae,,,,
588,THRIPI,Insecta,Thysanoptera,Thripidae,,,Thripidae,,,,
589,THYA,Insecta,Hemiptera,Pentatomidae,Thyanta,,Thyanta,,,,
593,TIPULI,Insecta,Diptera,Tipulidae,,,Tipulidae,,,,
727,,Insecta,Hemiptera,Tingidae,Gargaphia,,Gargaphia,,,,
595,TORYMI,Insecta,Hymenoptera,Torymidae,,,Torymidae,,,,
737,,Insecta,Coleoptera,Chrysomelidae,Chlamisini,,Chlamisini,,,,
762,,Insecta,Hemiptera,Tingidae,Corythaica,,Corythaica,,,,
825,,Arachnida,Araneae,Cheiracanthiidae,Cheiracanthium,,Cheiracanthium,,,,
621,TIDA,Arachnida,Araneae,Theridiidae,Tidarren,,Tidarren,,,,
622,CALL,Insecta,Coleoptera,Chrysomelidae,Callosobruchus,,Callosobruchus,,,,
623,SMIC,Insecta,Coleoptera,Curculionidae,Smicronyx,,Smicronyx,,,,
624,TRUP,Insecta,Diptera,Tephritidae,Trupanea,,Trupanea,,,,
625,AGAO,Insecta,Hymenoptera,Agaonidae,,,Agaonidae,,,,
626,CALOIMM,Insecta,Hemiptera,Miridae,Calocoris,,Calocoris (immature),,1,,
627,AEOLOTHRIP,Insecta,Thysanoptera,Aeolothripidae,,,Aeolothripidae,,,,
628,SCELION,Insecta,Hymenoptera,Scelionidae,,,Scelionidae,,,,
629,APHIDI,Insecta,Hymenoptera,Braconidae,Aphidiinae,,Aphidiinae,,,,
630,TEPHRIT,Insecta,Diptera,Tephritidae,,,Tephritidae,,,,
631,AGROMYZ,Insecta,Diptera,Agromyzidae,,,Agromyzidae,,,,
632,DOLICHOPOD,Insecta,Diptera,Dolichopodidae,,,Dolichopodidae,,,,
633,FIGIT,Insecta,Hymenoptera,Figitidae,,,Figitidae,,,,
634,SCATHOPHAG,Insecta,Diptera,Scathophagidae,,,Scathophagidae,,,,
635,SCATOPS,Insecta,Diptera,Scatopsidae,,,Scatopsidae,,,,
636,CONV,Insecta,Coleoptera,Coccinellidae,Hippodamia convergens,,Hippodamia convergens,,,,
637,PIPUNCUL,Insecta,Diptera,Pipunculidae,,,Pipunculidae,,,,
638,PENIMM,Insecta,Hemiptera,Pentatomidae,,,Pentatomidae (immature),,,,
639,COAN,Insecta,Hemiptera,Cicadellidae,Coanthanus,,Coanthanus,,,change to Cicadellidae (157) then delete,
640,chrysoperla,Insecta,Neuroptera,Chrysopidae,Chrysoperla,,Chrysoperla,,,,
642,zelus,Insecta,Hemiptera,Reduviidae,Zelus,,Zelus,,,,
643,YPON,Insecta,Lepidoptera,Yponomeutidae,,,Yponomeutidae,,,,
644,PEGO,Insecta,Diptera,Anthomyiidae,Pegomya,,Pegomya,,,,
645,LEUC,Insecta,Diptera,Chamaemyiidae,Leucopis,,Leucopis,,,,
646,META,Arachnida,Araneae,Salticidae,Metaphidippus,,Metaphidippus,,,,
647,METE,Arachnida,Araneae,Araneidae,Metepeira,,Metepeira,,,,
649,CONI,Insecta,Neuroptera,Coniopterygidae,,,Coniopterygidae,,,,
650,ISOD,Insecta,Coleoptera,Curculionidae,Isodacrys,,Isodacrys,,,,
651,CONO,Insecta,Coleoptera,Nitidulidae,Conotelus,,Conotelus,,,,
653,MONOX,Insecta,Coleoptera,Chrysomelidae,Monoxia,,Monoxia,,,,
654,PSEUD,Insecta,Hemiptera,Miridae,Pseudatomoscelis,,Pseudatomoscelis,,,,
655,GLOR,Insecta,Hemiptera,Cicadellidae,Gloridonus,,Gloridonus,,,,
656,MEGAL,Insecta,Coleoptera,Chrysomelidae,Megalostomis,,Megalostomis,,,,
657,SCYM,Insecta,Coleoptera,Coccinellidae,Scymnus,,Scymnus,,,,
658,PHYL,Insecta,Coleoptera,Chrysomelidae,Phyllotreta,,Phyllotreta,,,,
659,ALCO,Insecta,Hemiptera,Cicadellidae,Alconeura,,Alconeura,,,,
660,CONIA,Insecta,Coleoptera,Curculionidae,Coniatus,,Coniatus,,,,
661,PLAT,Insecta,Coleoptera,Staphylinidae,Platystethus,,Platystethus,,,,
662,ALGA,Insecta,Coleoptera,Chrysomelidae,Algarobius,,Algarobius,,,,
663,PSEUDOP,Insecta,Hemiptera,Miridae,Pseudopsallus,,Pseudopsallus,,,,
665,ACIN,Insecta,Hemiptera,Cicadellidae,Acinopterus,,Acinopterus,,,,
666,HYPER,Insecta,Coleoptera,Coccinellidae,Hyperaspis,,Hyperaspis,,,,
667,OZOG,Insecta,Coleoptera,Ptinidae,Ozognathus,,Ozognathus,,,,
668,SCAPHY,Insecta,Hemiptera,Cicadellidae,Scaphytopius,,Scaphytopius,,,refer to 319,
669,SENN,Insecta,Coleoptera,Chrysomelidae,Sennius,,Sennius,,,,
670,NEOC,Insecta,Hemiptera,Cicadellidae,Neocoelidia,,Neocoelidia,,,,
671,ONCOP,Insecta,Hemiptera,Lygaeidae,Oncopeltus,,Oncopeltus,,,,
672,ESCH,Insecta,Coleoptera,Melyridae,Eschatocrepis,,Eschatocrepis,,,,
673,PRAI,Insecta,Hemiptera,Cicadellidae,Prairiana,,Prairiana,,,,
674,SCEN,Insecta,Diptera,Scenopinidae,Scenopinus,,Scenopinus,,,,
675,NESO,Insecta,Hemiptera,Cicadellidae,Balclutha,Nesosteles,Balclutha,,1,,
676,CORI,Insecta,Hemiptera,Thyreocoridae,Corimelaena,,Corimelaena,,,,
677,PART,Insecta,Hemiptera,Miridae,Parthenicus,,Parthenicus,,,,
678,TORT,Insecta,Lepidoptera,Tortricidae,,,Tortricidae,,,,
679,DESM,Insecta,Diptera,Milichiidae,Desmometopa,,Desmometopa,,,,
728,,Insecta,Coleoptera,Coccinellidae,Coccinella,,Coccinella,,,,
681,PRON,Insecta,Hemiptera,Berytidae,Pronotacantha,,Pronotacantha,,,,
682,APIO,Insecta,Coleoptera,Brentidae,Apioninae,,Apioninae,,,,
683,ORTHOT,Insecta,Hemiptera,Miridae,Orthotylinae,,Orthotylinae,,,,
684,EUSC,Insecta,Hemiptera,Cicadellidae,Euscelis,,Euscelis,,,,
685,SABI,Insecta,Coleoptera,Curculionidae,Sibinia,,Sibinia,,1,,
120,CHRYI,Insecta,Neuroptera,Chrysopidae,,,Chrysopidae (immature),,,,
763,,Insecta,Coleoptera,Chrysomelidae,Glyptina,,Glyptina,,,,
826,,Insecta,Hemiptera,Geocoridae,Geocoris punctipes,,Geocoris punctipes,,1,,